{
  "provincePrices": {
    "北京市": {
      "gas92": 7.9399999999999995,
      "gas95": 8.9,
      "gas98": 9.940000000000001,
      "diesel0": 7.56
    },
    "上海市": {
      "gas92": 7.989999999999999,
      "gas95": 8.95,
      "gas98": 9.99,
      "diesel0": 7.609999999999999
    },
    "天津市": {
      "gas92": 7.96,
      "gas95": 8.92,
      "gas98": 9.96,
      "diesel0": 7.58
    },
    "重庆市": {
      "gas92": 7.97,
      "gas95": 8.93,
      "gas98": 9.97,
      "diesel0": 7.59
    },
    "河北省": {
      "gas92": 7.93,
      "gas95": 8.889999999999999,
      "gas98": 9.93,
      "diesel0": 7.55
    },
    "山西省": {
      "gas92": 7.909999999999999,
      "gas95": 8.87,
      "gas98": 9.91,
      "diesel0": 7.529999999999999
    },
    "内蒙古自治区": {
      "gas92": 7.859999999999999,
      "gas95": 8.82,
      "gas98": 9.860000000000001,
      "diesel0": 7.4799999999999995
    },
    "辽宁省": {
      "gas92": 7.93,
      "gas95": 8.889999999999999,
      "gas98": 9.93,
      "diesel0": 7.55
    },
    "吉林省": {
      "gas92": 7.909999999999999,
      "gas95": 8.87,
      "gas98": 9.91,
      "diesel0": 7.529999999999999
    },
    "黑龙江省": {
      "gas92": 7.909999999999999,
      "gas95": 8.87,
      "gas98": 9.91,
      "diesel0": 7.529999999999999
    },
    "江苏省": {
      "gas92": 7.989999999999999,
      "gas95": 8.95,
      "gas98": 9.99,
      "diesel0": 7.609999999999999
    },
    "浙江省": {
      "gas92": 7.989999999999999,
      "gas95": 8.95,
      "gas98": 9.99,
      "diesel0": 7.609999999999999
    },
    "安徽省": {
      "gas92": 7.9399999999999995,
      "gas95": 8.9,
      "gas98": 9.940000000000001,
      "diesel0": 7.56
    },
    "福建省": {
      "gas92": 7.96,
      "gas95": 8.92,
      "gas98": 9.96,
      "diesel0": 7.58
    },
    "江西省": {
      "gas92": 7.9399999999999995,
      "gas95": 8.9,
      "gas98": 9.940000000000001,
      "diesel0": 7.56
    },
    "山东省": {
      "gas92": 7.96,
      "gas95": 8.92,
      "gas98": 9.96,
      "diesel0": 7.58
    },
    "河南省": {
      "gas92": 7.909999999999999,
      "gas95": 8.87,
      "gas98": 9.91,
      "diesel0": 7.529999999999999
    },
    "湖北省": {
      "gas92": 7.9399999999999995,
      "gas95": 8.9,
      "gas98": 9.940000000000001,
      "diesel0": 7.56
    },
    "湖南省": {
      "gas92": 7.9399999999999995,
      "gas95": 8.9,
      "gas98": 9.940000000000001,
      "diesel0": 7.56
    },
    "广东省": {
      "gas92": 7.989999999999999,
      "gas95": 8.95,
      "gas98": 9.99,
      "diesel0": 7.609999999999999
    },
    "广西壮族自治区": {
      "gas92": 7.909999999999999,
      "gas95": 8.87,
      "gas98": 9.91,
      "diesel0": 7.529999999999999
    },
    "海南省": {
      "gas92": 7.909999999999999,
      "gas95": 8.87,
      "gas98": 9.91,
      "diesel0": 7.529999999999999
    },
    "四川省": {
      "gas92": 7.9399999999999995,
      "gas95": 8.9,
      "gas98": 9.940000000000001,
      "diesel0": 7.56
    },
    "贵州省": {
      "gas92": 7.89,
      "gas95": 8.85,
      "gas98": 9.89,
      "diesel0": 7.51
    },
    "云南省": {
      "gas92": 7.89,
      "gas95": 8.85,
      "gas98": 9.89,
      "diesel0": 7.51
    },
    "西藏自治区": {
      "gas92": 7.89,
      "gas95": 8.85,
      "gas98": 9.89,
      "diesel0": 7.51
    },
    "陕西省": {
      "gas92": 7.909999999999999,
      "gas95": 8.87,
      "gas98": 9.91,
      "diesel0": 7.529999999999999
    },
    "甘肃省": {
      "gas92": 7.859999999999999,
      "gas95": 8.82,
      "gas98": 9.860000000000001,
      "diesel0": 7.4799999999999995
    },
    "青海省": {
      "gas92": 7.859999999999999,
      "gas95": 8.82,
      "gas98": 9.860000000000001,
      "diesel0": 7.4799999999999995
    },
    "宁夏回族自治区": {
      "gas92": 7.859999999999999,
      "gas95": 8.82,
      "gas98": 9.860000000000001,
      "diesel0": 7.4799999999999995
    },
    "新疆维吾尔自治区": {
      "gas92": 7.859999999999999,
      "gas95": 8.82,
      "gas98": 9.860000000000001,
      "diesel0": 7.4799999999999995
    }
  },
  "lastUpdate": "2026-03-03T09:11:41.700Z",
  "validUntil": "2026-03-10T09:11:40.645Z"
}